{"cameraMode":{"drawMode":0,"name":"Shaded","section":"Shading Mode"},"sceneLighting":false,"audioPlay":false,"sceneViewState":{"showFog":true,"showMaterialUpdate":false,"showSkybox":true,"showFlares":true,"showImageEffects":true,"showParticleSystems":true},"in2DMode":false,"pivot":{"x":357.4999694824219,"y":200.99996948242188,"z":-9.5367431640625e-7},"rotation":{"x":0.03653331473469734,"y":-0.48068422079086306,"z":-0.020060306414961816,"w":-0.8759207725524902},"size":1353.4315185546875,"orthographic":false}