{"cameraMode":{"drawMode":0,"name":"Shaded","section":"Shading Mode"},"sceneLighting":false,"audioPlay":false,"sceneViewState":{"showFog":true,"showMaterialUpdate":false,"showSkybox":true,"showFlares":true,"showImageEffects":true,"showParticleSystems":true},"in2DMode":false,"pivot":{"x":0.000499725341796875,"y":0.5859192609786987,"z":-10.0},"rotation":{"x":0.0011160654248669744,"y":-0.9988813400268555,"z":0.03178459405899048,"w":0.03508156165480614},"size":18.40621566772461,"orthographic":false}